"ticket_id","date_opened","category","priority","issue_type","operating_system","resolution_time_hours"
1,2026-01-31,"Network","Medium","Printer Error","Linux",38.7
2,2026-03-20,"Hardware","Low","Password Reset","Windows",1.3
3,2026-02-20,"Network","Medium","Printer Error","Linux",20.7
4,2026-01-14,"Software","Low","VPN Issue","macOS",24.1
5,2026-03-08,"Access","Low","VPN Issue","Windows",42.8
6,2026-02-11,"Access","Low","Printer Error","Windows",18.7
7,2026-02-19,"Hardware","Medium","VPN Issue","Windows",4.1
8,2026-02-12,"Access","Medium","Printer Error","Linux",8.9
9,2026-01-14,"Hardware","High","VPN Issue","Windows",51
10,2026-01-25,"Hardware","High","Printer Error","macOS",67.7
11,2026-03-31,"Hardware","Low","Slow Performance","Windows",23.1
12,2026-03-10,"Hardware","Medium","Password Reset","Linux",6.6
13,2026-02-26,"Network","Medium","Printer Error","Linux",23.8
14,2026-01-09,"Software","High","Password Reset","Linux",45.4
15,2026-03-13,"Software","High","Password Reset","macOS",32.3
16,2026-01-26,"Software","High","Printer Error","Linux",57.9
17,2026-01-07,"Network","High","Password Reset","macOS",20.8
18,2026-02-11,"Hardware","Medium","Slow Performance","Windows",41.5
19,2026-01-09,"Software","Low","Printer Error","Linux",4
20,2026-03-24,"Software","Low","VPN Issue","macOS",14.5
21,2026-02-05,"Hardware","High","Password Reset","macOS",52.6
22,2026-03-19,"Software","Low","Password Reset","Windows",59.7
23,2026-03-22,"Hardware","Medium","Slow Performance","macOS",37.3
24,2026-02-12,"Hardware","Medium","Slow Performance","Windows",41.3
25,2026-03-17,"Software","High","Password Reset","macOS",1.1
26,2026-01-15,"Network","Medium","Password Reset","Linux",11.2
27,2026-02-01,"Hardware","Low","Printer Error","Linux",62.5
28,2026-01-07,"Network","High","VPN Issue","macOS",6.9
29,2026-01-09,"Access","Low","Printer Error","macOS",18.4
30,2026-02-10,"Hardware","Low","Printer Error","Windows",70.7
31,2026-03-15,"Software","High","Slow Performance","macOS",42
32,2026-01-23,"Hardware","Medium","Printer Error","Linux",18.7
33,2026-01-27,"Access","Low","Password Reset","macOS",44.7
34,2026-03-01,"Software","Low","Printer Error","Linux",3.3
35,2026-02-22,"Software","Medium","Password Reset","Windows",11.4
36,2026-01-07,"Software","Medium","Slow Performance","macOS",50.9
37,2026-02-22,"Network","Medium","Password Reset","Linux",5.7
38,2026-01-27,"Hardware","Medium","Printer Error","Windows",45.1
39,2026-02-07,"Hardware","Low","VPN Issue","macOS",67.6
40,2026-03-30,"Access","High","VPN Issue","Linux",7.2
41,2026-02-03,"Hardware","High","Slow Performance","macOS",70.1
42,2026-03-10,"Hardware","Medium","Password Reset","Windows",2.8
43,2026-03-13,"Access","High","Printer Error","Linux",52.5
44,2026-03-17,"Network","High","Printer Error","Linux",33.2
45,2026-03-04,"Hardware","High","Slow Performance","Linux",41.2
46,2026-01-13,"Software","Medium","Password Reset","Windows",63
47,2026-03-23,"Hardware","High","Slow Performance","Linux",40.4
48,2026-01-25,"Software","High","Slow Performance","macOS",53.4
49,2026-02-07,"Access","Medium","Password Reset","macOS",45.2
50,2026-01-21,"Software","Medium","Slow Performance","macOS",23.1
51,2026-03-20,"Hardware","High","Slow Performance","Linux",28.8
52,2026-02-10,"Hardware","Medium","Slow Performance","Windows",15.3
53,2026-02-16,"Hardware","High","Slow Performance","Windows",61.5
54,2026-03-31,"Hardware","Medium","Slow Performance","macOS",44.1
55,2026-03-01,"Access","Medium","VPN Issue","macOS",54.7
56,2026-01-16,"Network","Low","Slow Performance","Linux",40.9
57,2026-01-06,"Hardware","Medium","VPN Issue","macOS",20.6
58,2026-03-13,"Hardware","High","Slow Performance","macOS",53.2
59,2026-03-27,"Hardware","Low","Printer Error","Windows",40
60,2026-03-27,"Software","Low","VPN Issue","Linux",25.6
61,2026-02-08,"Software","High","Password Reset","Windows",37.6
62,2026-01-31,"Network","Medium","Printer Error","Linux",58.9
63,2026-03-22,"Software","Low","Printer Error","Linux",38.4
64,2026-02-19,"Network","Low","Password Reset","Linux",15.4
65,2026-02-03,"Hardware","High","Slow Performance","Linux",61.2
66,2026-01-04,"Hardware","High","Printer Error","macOS",27.3
67,2026-01-13,"Access","High","Printer Error","macOS",22.5
68,2026-03-10,"Hardware","Low","Password Reset","Windows",55.7
69,2026-01-25,"Hardware","Medium","VPN Issue","Windows",53.1
70,2026-02-21,"Hardware","Medium","Password Reset","Linux",60.6
71,2026-01-22,"Access","High","VPN Issue","macOS",41.4
72,2026-03-30,"Network","High","Printer Error","Windows",2.9
73,2026-02-01,"Hardware","High","VPN Issue","macOS",35.5
74,2026-01-25,"Access","High","Password Reset","macOS",39.5
75,2026-03-28,"Hardware","Medium","Password Reset","macOS",60.4
76,2026-02-04,"Network","Low","Printer Error","Windows",52.7
77,2026-02-09,"Network","High","VPN Issue","Linux",40.4
78,2026-01-30,"Access","Medium","Printer Error","Linux",6.2
79,2026-01-12,"Software","Low","Slow Performance","macOS",10.7
80,2026-01-31,"Hardware","High","Password Reset","macOS",49.6
81,2026-01-30,"Hardware","High","VPN Issue","macOS",8.1
82,2026-03-05,"Hardware","High","Password Reset","Windows",15.5
83,2026-01-14,"Software","Medium","Printer Error","Linux",27
84,2026-03-12,"Hardware","Low","Printer Error","Windows",61.1
85,2026-03-08,"Software","Medium","VPN Issue","macOS",17.8
86,2026-01-23,"Hardware","High","Printer Error","Linux",51
87,2026-03-20,"Access","Low","Slow Performance","Windows",8.6
88,2026-03-26,"Hardware","Medium","VPN Issue","Windows",56.3
89,2026-02-06,"Network","Low","VPN Issue","macOS",19.1
90,2026-01-08,"Network","Medium","Slow Performance","Linux",39.9
91,2026-02-20,"Software","Medium","Password Reset","Windows",3.4
92,2026-03-15,"Software","High","VPN Issue","macOS",58.2
93,2026-02-19,"Hardware","Medium","Printer Error","Windows",25
94,2026-03-15,"Network","Medium","Slow Performance","Windows",66.1
95,2026-03-27,"Access","Medium","Slow Performance","Linux",26.4
96,2026-03-17,"Hardware","Medium","Password Reset","Linux",70.3
97,2026-03-25,"Hardware","Medium","Slow Performance","Linux",28.3
98,2026-02-15,"Software","High","Password Reset","Linux",35.7
99,2026-01-17,"Hardware","Low","Password Reset","Linux",35.8
100,2026-03-03,"Software","Low","Slow Performance","macOS",1.9
101,2026-02-15,"Software","High","Password Reset","Linux",46.5
102,2026-02-23,"Software","High","Password Reset","macOS",37.4
103,2026-02-04,"Software","High","Slow Performance","Linux",23.7
104,2026-03-20,"Access","High","Printer Error","macOS",42.3
105,2026-01-24,"Access","Medium","Password Reset","Linux",44.8
106,2026-03-28,"Access","Low","Password Reset","macOS",32.1
107,2026-01-07,"Access","Low","Password Reset","macOS",13.1
108,2026-03-20,"Network","High","Printer Error","Linux",51.8
109,2026-01-23,"Access","Medium","Printer Error","macOS",54.1
110,2026-01-26,"Network","Medium","Printer Error","Windows",60.9
111,2026-02-01,"Network","High","VPN Issue","Linux",39
112,2026-01-07,"Network","Low","VPN Issue","Windows",22.5
113,2026-01-27,"Hardware","High","VPN Issue","Linux",33.4
114,2026-02-11,"Network","High","Printer Error","macOS",28.3
115,2026-01-05,"Network","Low","VPN Issue","Windows",18.7
116,2026-03-11,"Network","Low","Slow Performance","Windows",47.5
117,2026-01-16,"Access","High","Slow Performance","Linux",68.8
118,2026-01-24,"Software","High","VPN Issue","Windows",21.7
119,2026-02-01,"Network","Medium","Printer Error","macOS",47.2
120,2026-01-21,"Network","Medium","Password Reset","Linux",39.1
121,2026-02-24,"Network","High","Printer Error","Linux",43.4
122,2026-03-16,"Hardware","Medium","Slow Performance","macOS",2.8
123,2026-02-05,"Hardware","High","Password Reset","macOS",1.3
124,2026-03-24,"Network","High","Slow Performance","macOS",10.3
125,2026-03-30,"Software","Medium","Slow Performance","Linux",2.8
126,2026-02-08,"Network","High","Slow Performance","Linux",7.5
127,2026-02-23,"Software","High","Password Reset","Linux",34.8
128,2026-03-31,"Hardware","Low","Printer Error","macOS",15
129,2026-01-09,"Access","High","VPN Issue","Windows",58.8
130,2026-03-12,"Software","Low","Slow Performance","Linux",18.3
131,2026-02-17,"Software","Medium","Slow Performance","Linux",35.7
132,2026-03-18,"Software","Low","Printer Error","Linux",47.1
133,2026-03-24,"Access","High","Printer Error","Linux",12.3
134,2026-02-25,"Hardware","High","Password Reset","Linux",60.4
135,2026-02-08,"Access","Medium","Password Reset","Linux",32
136,2026-03-09,"Hardware","Medium","Password Reset","Windows",17.6
137,2026-01-01,"Hardware","Low","Printer Error","Windows",22.2
138,2026-02-09,"Network","Medium","Slow Performance","Windows",12.3
139,2026-01-30,"Network","High","Slow Performance","Windows",42.6
140,2026-03-30,"Hardware","High","Printer Error","Windows",11.6
141,2026-01-16,"Hardware","High","Printer Error","macOS",13.7
142,2026-03-29,"Network","Medium","Printer Error","Windows",25.1
143,2026-02-23,"Hardware","Low","Password Reset","macOS",14.1
144,2026-03-16,"Network","Medium","Password Reset","macOS",29.8
145,2026-02-17,"Access","High","Printer Error","Linux",44.6
146,2026-01-20,"Software","Medium","VPN Issue","Linux",49.7
147,2026-03-08,"Hardware","High","Printer Error","Windows",59.5
148,2026-02-05,"Hardware","High","Slow Performance","macOS",27.6
149,2026-02-21,"Network","Low","Slow Performance","macOS",68.7
150,2026-01-22,"Access","Medium","VPN Issue","Windows",2.3
151,2026-02-18,"Software","Medium","Printer Error","Linux",44.5
152,2026-02-11,"Network","Medium","Password Reset","Linux",33.9
153,2026-02-28,"Software","Medium","Slow Performance","macOS",26.2
154,2026-03-25,"Hardware","Medium","Password Reset","Windows",63.7
155,2026-01-11,"Software","Low","Printer Error","Linux",6.4
156,2026-02-24,"Network","Low","Printer Error","macOS",63.7
157,2026-01-08,"Software","High","Password Reset","Windows",14.4
158,2026-02-15,"Network","Low","Slow Performance","Linux",16.3
159,2026-03-26,"Network","High","VPN Issue","macOS",62.7
160,2026-03-07,"Hardware","High","Slow Performance","macOS",5.3
161,2026-03-18,"Software","Medium","Slow Performance","macOS",17.7
162,2026-02-15,"Access","High","Printer Error","macOS",71.5
163,2026-03-11,"Hardware","Medium","Slow Performance","macOS",49.2
164,2026-03-13,"Software","Low","VPN Issue","Windows",31.9
165,2026-02-13,"Software","Low","Password Reset","Windows",27.8
166,2026-02-01,"Access","Medium","Slow Performance","Linux",33.7
167,2026-02-05,"Software","Low","Printer Error","Windows",57.9
168,2026-02-14,"Access","High","Printer Error","Windows",48.1
169,2026-01-14,"Software","Medium","Slow Performance","Linux",34.1
170,2026-01-16,"Hardware","Medium","VPN Issue","Windows",4.8
171,2026-03-28,"Access","High","VPN Issue","macOS",17.8
172,2026-02-02,"Software","Low","Printer Error","Linux",17.6
173,2026-02-09,"Access","Low","Printer Error","Linux",17.4
174,2026-02-09,"Hardware","Medium","Printer Error","macOS",5.4
175,2026-01-10,"Access","High","VPN Issue","macOS",36.3
176,2026-03-30,"Software","Low","Printer Error","Windows",18.3
177,2026-03-13,"Hardware","Low","Slow Performance","Linux",54.8
178,2026-03-23,"Access","High","Slow Performance","Linux",39.9
179,2026-01-09,"Access","High","VPN Issue","Windows",68.3
180,2026-01-07,"Network","Medium","Password Reset","Linux",7.1
181,2026-01-07,"Software","Low","Printer Error","Windows",68.3
182,2026-02-27,"Hardware","High","Printer Error","Windows",52.3
183,2026-03-02,"Network","High","Password Reset","macOS",66.5
184,2026-03-15,"Software","High","Password Reset","Windows",44.6
185,2026-01-24,"Access","Low","VPN Issue","Windows",12.4
186,2026-03-04,"Network","High","Password Reset","Windows",14
187,2026-02-23,"Software","High","VPN Issue","Windows",52.8
188,2026-01-23,"Network","Low","VPN Issue","Windows",42.9
189,2026-01-26,"Network","Medium","Slow Performance","Windows",23.2
190,2026-02-02,"Hardware","Low","Slow Performance","Linux",55.9
191,2026-02-26,"Access","Medium","Slow Performance","Linux",24.9
192,2026-01-29,"Software","Medium","Printer Error","Windows",61.8
193,2026-01-10,"Network","Low","Slow Performance","Windows",42.2
194,2026-02-22,"Hardware","High","VPN Issue","Linux",30.5
195,2026-02-23,"Hardware","Low","VPN Issue","macOS",67.2
196,2026-03-18,"Network","Medium","VPN Issue","macOS",33.9
197,2026-01-11,"Software","Medium","Slow Performance","Linux",8.1
198,2026-01-25,"Network","Low","Slow Performance","Linux",34
199,2026-02-21,"Software","Medium","Slow Performance","macOS",70.9
200,2026-01-26,"Software","Low","Password Reset","Linux",66.7
